Hola, hermana. Que Dios te bendiga. Bienvenido a Perú. Tengo una pregunta en un versículo de la Biblia en el Nuevo Testamento.;Hello, sister. May God bless you. Welcome to Peru. I have a question in a verse from the Bible in the New Testament.
y otro versículo de la Biblia en el Antiguo Testamento, hermana. La pregunta es en Efesios 6, verso 11.;and another verse from the Bible in the Old Testament, sister. The question is in Ephesians 6, verse 11.
¿Efesios 6? Efesios 6, por favor lea: 'Póngase en toda la armadura de Dios,;Ephesians 6? Yes, brother. Ephesians 6, please read: 'Put on the whole armor of God,
para que puedas estar en contra de los ingenios del diablo. Sí.;that you may be able to stand against the wiles of the devil.' Yes.
El otro versículo, hermana, sí, está en Samuel 17, verso 38.;The other verse, sister, yes, is in Samuel 17, verse 38.
¿Primero o segundo Samuel? Primero. Primer Samuel, hermana, 17 38.;First or second Samuel? First. First Samuel, sister, 17 38.
Sí. Esto también habla de una armadura diferente, hermana. Dice: 'Entonces Saúl vestía a David con su armadura,;Yes. This also speaks of a different armor, sister. It reads, 'So Saul clothed David with his armor,
y puso un casco de bronce en su cabeza, también lo vistió con un abrigo de correo;and he put a bronze helmet on his head, he also clothed him with a coat of mail.'
Hermana, mi pregunta es cómo se relacionan estas dos armaduras, porque el pozo,;Sister, my question is how are these two armors related, because the well,
el apóstol Pablo habla de una armadura que nos da la victoria,;the apostle Paul speaks about an armor that gives us victory,
y parece que esta armadura era una perturbación para David.;and it appears that this armor was a disturbance for David.
Y, hermana, otra pregunta que quiero preguntarte sobre los títulos que esa gente tenía que acompañar al rey David.;And, sister, another question that I want to ask you about the titles that those people had that accompanied King David.
el título de los valientes o los valientes hombres de David en el evangelio,;the title of the courageous or the mighty men of David in the gospel,
Hermana: ¿Hay estos títulos hoy en día en nuestra iglesia? La relación entre estas armaduras: la armadura que el Apóstol Pablo menciona en Efesios cuando dice poner en toda la armadura de Dios — esta es una armadura espiritual.;Sister: Do these titles exist nowadays in our church? The relationship between these armors: the armor that the Apostle Paul mentions in Ephesians when he says put on the whole armor of God — this is a spiritual armor.
Esta es una armadura espiritual, pero para que podamos entender lo que es una armadura,;This is a spiritual armor, but in order for us to be able to understand what is an armor,
En el Antiguo Testamento, hay una descripción de la armadura de un soldado o de la armadura del hombre poderoso que luchó en guerras.;In the Old Testament, there is a description of a soldier's armor or the mighty man's armor who fought in wars.
Como esas armaduras eran las armaduras de esos hombres poderosos;Just like those armors were the armors of those mighty men
y soldados, o el ejército que luchaba entre sí, esa es la armadura que debemos tener.;and soldiers, or the army who fought against each other, that's the armor that we must have.
Pero ahora esta armadura es espiritual en el sentido espiritual: fe, doctrina, del conocimiento de Dios, del poder de Dios, del apoyo de Dios,;But now this armor is spiritual in the spiritual sense: faith, doctrine, from knowledge of God, God's power, God's support,
la facultad o la habilidad, el permiso, la autoridad que Dios nos da.;the faculty or the ability, the permission, the authority that God gives us.
¿Qué más podemos decir sobre la armadura? Conocer la doctrina, ¿verdad?;What else can we say about the armor? To know the doctrine, right?
Tener convicción, tener confianza, esperanza en Dios, tener qué valles también?;To have conviction, to have trust, hope in God, to have what valleys as well?
¿Qué más, hermanos y hermanas, podemos describir lo que necesitamos en nuestras vidas espirituales,;What else, brothers and sisters, can we describe about what we need to have in our spiritual lives,
¿para decir que es una armadura? Fe. ¿Qué más?;to say that this is an armor? Faith. What else?
Valores, firmeza, convicción. Esa es la armadura espiritual: conocimiento y doctrina.;Values, steadfastness, conviction. That's the spiritual armor: knowledge and doctrine.
Si no sabes doctrina, el diablo se aprovecha de ti;If you don't know doctrine, the devil takes advantage of you
y te derriba. Si no tienes el conocimiento de Dios, el diablo se aprovecha de ti;and knocks you down. If you don't have God's knowledge, the devil takes advantage of you
y te derriba. Debes estar armado. Debes ponerte la armadura;and knocks you down. You must be armed. You must put on the armor
y también armado con un arma conocida como la espada de dos filos, que es la palabra de Dios, doctrina, conocimiento.;and also armed with a weapon known as the two edge sword, which is God's word, doctrine, knowledge.
Esa es la armadura espiritual que necesitamos tener. Y para que sepamos cuál es la armadura,;That's the spiritual armor that we need to have. And in order for us to know what is the armor,
bueno, el hombre poderoso, los soldados lo usaron. Bueno, lo tenían en sus cabezas, en sus caras,;well, the mighty man, the soldiers used it. Well, they had it on their heads, on their faces,
sobre sus brazos, sobre sus hombros, sobre su torso, sobre sus piernas, sobre sus pies. En todas partes tenían botas,;on their arms, on their shoulders, on their torso, on their legs, on their feet. Everywhere they had boots,
y la armadura estaba hecha de rondas, creo que bronce,;and the armor was made out of rounds, I think bronze,
y esta armadura era muy pesada. Era una tonelada de peso.;and this armor was very heavy. It was about one ton of weight.
Este uniforme era muy pesado para este hombre, para este individuo,;This uniform was very heavy for this man, for this individual,
y este individuo con la armadura que fue asignada para enfrentar a sus enemigos en guerra o sus oponentes,;and this individual with the armor who was assigned to confront their enemies in war or their opponents,
No lo sé. Por encima de eso, eran gigantes.;I don't know. On top of that, they were giants.
Eligieron al hombre más fuerte y alto. Fueron altamente entrenados para resistir la tonelada de peso en sus cuerpos.;They chose the strongest and tallest man. They were highly trained in order to resist the ton of weight on their bodies.
Necesitaban poder caminar así, sostener una lanza con sus manos,;They needed to be able to walk like this, hold a spear with their hands,
para luchar contra el otro. Esa era la armadura.;to fight against the other one. That was the armor.
Eso es lo que leemos en la Biblia en el Antiguo Testamento,;That's what we read in the Bible in the Old Testament,
y eso es lo que pusieron en el rey David. Aún no era rey, era joven.;and that's what they put on King David. He wasn't a king yet, he was a youth.
Fue puesto en esta armadura porque dijo, quiero enfrentar a este gigante, Goliat.;He was put on this armor because he said, I want to confront this giant, Goliath.
Y Goliat el gigante, era un filisteo y tenía su armadura encima.;And Goliath the giant, he was a Philistine and he had his armor on.
Entonces David dice: Voy a confrontarlos. Le pusieron la armadura a David,;Then David says, I'm going to confront them. They put on the armor on David,
pero dice que ni siquiera puedo dar un paso en esta armadura, es demasiado pesado, no puedo caminar,;but he says I can't even take one step at this armor, it's too heavy, I can't walk,
quítate la armadura. Se lo quitó y el gigante Goliat se siente ofendido.;take off the armor. He took it off, and the Goliath the giant, he feels offended.
Dice que vienes a humillarme, a ofenderme,;He says do you come to humiliate me, to offend me,
¿Vienes aquí con un palo como si fuera un perro?;do you come here with a stick as if I was a dog?
El gigante dice que no soy un perro, soy un gigante,;The giant says I am not a dog, I am a giant,
Soy un hombre poderoso del ejército de los filisteos.;I am a mighty man of the army of the Philistines.
Entonces David dice que sí vienes con toda tu armadura y con tu lanza;Then David says yes you come with with all your armor and with your spear
y tu espada, pero vengo contra ti con el poder de Dios.;and your sword, but I come against you with God's power.
En el nombre de Dios vengo contra ti. Y así es como Dios lo ayuda.;In the name of God I come against you. And this is how God help him.
No es que él rechazó la armadura sólo porque simplemente no podía usarlo,;It's not that he rejected the armor just because he simply couldn't wear it,
ni siquiera pudo dar un paso con esa armadura porque eso está hecho de bronce;he wasn't able to even take a step with that armor because that is made out of bronze
y es demasiado pesado. Por eso dice que vengo a ti con el poder de Dios;and it's too heavy. That's why he says I come to you with God's power
y con un sling que tenía. Es una piedra larga,;and with a sling that he had. He's long a stone,
y lo golpeó en un agujero, porque las armaduras no están completamente selladas,;and he struck him in a hole, because armors aren't fully sealed,
pero tienen algunos agujeros para que la gente respire, y Dios permitió que la piedra pasara por ese agujero;but they have some holes for people to breathe, and God permitted the stone to go through that hole
y matar, o al menos aparear al gigante para caer.;and kill, or at least mate the giant to fall down.
Así es como Dios bendice al pueblo de Israel ese día;This is how God bless the people of Israel that day
y ayudarles a través del rey David como un joven. No es porque no tuviera que poner la armadura.;and help them through King David as a youth. It's not because he didn't have to put on the armor.
No, los hombres poderosos tenían que poner la armadura.;No, the mighty men had to put on the armor.
Eran poderosos y eran valientes. No era para todos en el ejército,;They were mighty and they were valiant. It wasn't for everyone in the army,
era sólo para unos pocos hombres elegidos como hombres poderosos de valor,;it was just for a few chosen men as mighty men of valor,
aquellos que pudieron usar una tonelada en sus cuerpos. Una tonelada es una tonelada en sus cuerpos.;those who were able to wear a ton on their bodies. A ton is a ton on their bodies.
Eran los hombres valientes. Eran la gente preferida.;They were the mighty men of valor. They were the preferred people.
La Biblia mencionó que David tenía un cierto número de hombres poderosos,;The Bible mentioned that David had a certain number of mighty men,
y ellos eran los que iban a ir y enfrentar a los enemigos del otro lado.;and they were the ones who would go and confront the enemies from the other side.
Por eso el Señor Jesucristo, cuando dijo que el reino de los cielos es violento, se trataba de poder,;That's why the Lord Jesus Christ, when he said that the kingdom of heavens is violent, it was about might,
valentía, valentía y fuerza. El reino de los cielos es muy violento.;courage, bravery and strength. The kingdom of heavens is very violent.
Dice que sólo los violentos, los valientes, tomarán el reino de los cielos por la fuerza.;It says only the violent, the valiant, will take the kingdom of heavens by force.
Hermanos y hermanas, hoy nosotros que estamos aquí ante Dios,;Brothers and sisters, us today who are here before God,
deseando con todos nuestros corazones ser la iglesia del Señor, entonces seguramente somos valientes y poderosos.;wanting with all of our hearts to be the church of the Lord, then surely we are valiant and mighty.
Tenemos que ser valientes y poderosos, y una persona poderosa necesita soportar una tonelada de peso en su cuerpo.;We have to be valiant and mighty, and a mighty person needs to bear a ton of weight on his body.
Y si somos valientes y poderosos, ¿qué tonelada de peso vamos a soportar?;And if we are valiant and mighty, then what ton of weight are we going to bear?
Una tonelada de persecución y de ataques del diablo contra nosotros.;A ton of persecution and of attacks from the devil against us.
El diablo vendrá contra nosotros para poner enfermedades, accidentes, para llevar a nuestras familias son seres queridos,;The devil will come against us to put illnesses, accidents, to take away our families are loved ones,
para tirar de enfermedades, dolor, para hablar mal, reproches, reviling, calumnia, acusaciones falsas, para atacarnos físicamente,;to pull illnesses, pain, to speak evil, reproaches, reviling, slander, false accusations, to assault us physically,
para hacer tantas cosas como quiera, meternos en la cárcel.;to do as many things as he wants, put us in jail.
¿Qué más planea hacer el diablo contra nosotros?;What else is the devil plotting to do against us?
Bueno, la suma de todas esas cosas es la tonelada de peso que una persona poderosa o valiente necesita soportar sobre su cuerpo.;Well, the sum of all those things is the ton of weight that a mighty or a valiant person needs to bear on his body.
y durante todas esas pruebas, tribulaciones, dificultades, dolor, adversidad, muchas circunstancias, y necesitamos soportar.;and during all of those trials, tribulations, difficulties, pain, adversity, many circumstances, and we need to endure.
Tenemos que enfrentar, resistir, tolerar, resignarnos, ser pacientes;We need to face, resist, tolerate, resign ourselves, be patient
y presionar en el camino del Señor. ¿Qué piensas de esto?;and press on the path of the Lord. What do you think about this?
¿Crees que la obra del poderoso y valiente es fácil?;Do you think that the work of the mighty and valiant is easy?
El esfuerzo, por lo tanto, cuando usted tiene una prueba o tribulación, no consiente.;The effort, therefore, when you have a trial or tribulation, don't dismay.
No digas que no volveré a la iglesia. No volveré a la iglesia porque tengo esta situación.;Don't say I won't go back to church. I won't go back to church because I have this situation.
No regresaré a la iglesia porque mamá, papá o mi hermano fallecieron.;I won't go back to church because mom, dad or my brother passed away.
Dios me había dicho que iba a curarlos, que no lo hizo;God had told me that he was going to heal them, he didn't do so
y se desmayaron. Entonces no volveré a la iglesia.;and they passed away. Then I won't go back to church.
¿Qué pasó con la armadura de los poderosos? Bueno,;So what happened with the armor of the mighty? Well,
no lo tenías en esta armadura porque quizás Dios te probó,;you didn't have it on this armor because perhaps God tested you,
viendo que iba a curar a tu ser querido y Dios dijo: No sanaré a este ser querido,;seeing that he was going to heal your loved one And God said, I won't heal this loved one,
porque quiero probarlo, así que lo llevaré. Lo hizo.;because I want to test him, so I will take him away. He did.
El pariente falleció. Entonces la persona dice que mi fe ha terminado, mi amor por Dios ha terminado,;The relative passed away. Then the person says my faith is over, my love for God is over,
No volveré a la iglesia. Entonces Dios dice que no era bueno,;I won't go back to church. Then God says huh, well, he wasn't good,
no era un hombre valiente o poderoso, falló y se detuvo a mitad de camino, eso es todo.;he wasn't a valiant or a mighty man, he failed and he stopped halfway, that's it.
Así que cuánta gente, porque tal vez alguien en la iglesia te da una mala mirada o alguien te debía dinero;So how many people, because perhaps someone in church gives you a bad look or someone owed you some money
y no te devolviste el sueldo, luego te irás de la iglesia.;and didn't pay you back, then you will leave church.
Voy a dejar la iglesia porque esta hermana me debe dinero;I am going to leave church because this sister owe me money
y ella no me pagó. Entonces voy a dejar la iglesia porque no quiero verla de nuevo.;and she didn't pay me back. Then I'm going to leave church because I don't want to see her again.
¿Por qué me debe dinero? No quería pagarme.;How come she owes me money? She didn't want to pay me back.
Está ahí en la iglesia. Bueno, nunca volveré.;She's there in church. Well, I'm never coming back again.
Esto es lo que hacen muchas personas. Entonces, ¿qué pasó con tu armadura?;This is what many people do. So then what happened with your, with your armor?
No lo tenías porque no soportaste este juicio tan fácil;You didn't have it on because you didn't endure this trial which was so easy
y tan simple. Otro dice que me voy de la iglesia porque me asignaron al púlpito;and so simple. Another one says I'm leaving church because I was assigned to the pulpit
y después de estar en el púlpito me dijeron que dejara de tomar el púlpito porque cometí un error,;and after being in the pulpit they told me to stop getting on the pulpit because I made a mistake,
Fui disciplinado. Entonces nunca volveré. Iré a otro lugar donde me pidan que vuelva a estar en el púlpito.;I was disciplined. Then I will never come back. I will go somewhere else where they ask me to be in the pulpit again.
o voy a abrir una nueva iglesia. ¿Qué piensas?;or I'm going to open a new church. What do you think?
¿Dios va a apoyarte? Dios va a estar contento con esta persona que es rebelde;Is God going to support you? Is God going to be pleased with this person who is rebellious
y terco con su auto-indulgencia? Dios lo castigará.;and stubborn with his self-indulgence? No. God will punish him.
Puedes ir a abrir una nueva iglesia, leer la Biblia, cantar himnos;You may go to open a new church, read the Bible, sing hymns
y coros y decir que amo a Dios. Esto es falso.;and choruses and say that I love God. This is false.
Dios está enojado con esta persona porque fracasó esta prueba.;God is angry with this person because he failed this test.
Dios lo probó incluso con los propios creyentes para probar su grado de firmeza, su grado de fe, confianza;God tested him even with the believers themselves to test his degree of steadfastness, his degree of faith, trust
y amor por Dios, pero fracasó la prueba. No tenía la armadura puesta.;and love for God, but he failed the test. He didn't have the armor on.
Terminó en fracaso en su vida espiritual, aunque dice que abrirá una nueva iglesia.;He ended up in failure in his spiritual life, even though he says that he's going to open a new church.
y hará lo mismo que nosotros, Dios no estará con él.;and he will do the same thing we do, God will not be with him.
Dios no aprobará lo que hace porque Dios no ama a los rebeldes, sino a los humildes,;God will not approve what he's doing because God doesn't love those who are rebellious, but those who are humble,
que se humillan, que son sinceros, que presionan, que tienen paciencia, que cambian y esperan en Dios.;who humble themselves, who are sincere, who press on, who have patience, who change and wait in God.
Por Dios, uno bendijo al que es rebelde y terco, ni lo apoyará en todo lo que hace,;By God, one blessed he who is rebellious and stubborn, nor will support him in everything he does,
en todo lo que dice que está haciendo. Esto es lo que pasa.;in everything he says that he is doing. This is what happens.
Dios está enojado, y el Señor Jesucristo te recordará el reino de los cielos es violencia.;God is angry, and the Lord Jesus Christ will remind you the kingdom of heavens is violence.
y los violentos lo toman por la fuerza. Y si estamos aquí sin poner la armadura de Dios,;and the violent take it by force. And if we're here without putting on the armor of God,
entonces el diablo vendrá y nos destruirá. Que el Señor nos ayude.;then the devil will come and destroys us. May the Lord help us.
Que el Señor nos ayude, tú.;May the Lord help us, you.
