Quiero hacerte, hermana, una pregunta en Salmos 15 verso número cuatro,;I want to ask you, sister, a question in Psalms 15 verse number four,
y dice aquí en cuyos ojos el vil es despreciado, pero honra a los que temen al Señor.;and it states here he in whose eyes the vile is despised, but he honors those who fear the Lord.
Mi pregunta específica es, ¿quién es ese vil, hermana?;My specific question is, who is that vile one, sister?
Bien, aquí habla de los requisitos, porque hay una pregunta.;All right, here it talks about the requirements, because there is a question.
La pregunta es, Señor, ¿quién morará contigo? ¿Quién habitará en tu Tabernáculo?;The question is, Lord, who will dwell with you? Who shall dwell in your Tabernacle?
¿Quién estará contigo? ¿Quién estará en tu santa colina?;Who shall be with you? Who shall be in your Holy Hill?
¿Quién, quién morará en tu santo monte, oh Señor, quién?;Who, who shall dwell in your Holy Hill, oh Lord, who?
Y así la respuesta Divina dice que es una persona que tiene integridad,;And so the Divine answer says that it is a person who has Integrity,
una persona que pone la justicia en práctica, una persona que habla la verdad en su corazón,;a person who puts righteousness into practice, a person who speaks the truth in his heart,
porque recordemos que cuando nos estamos refiriendo a esta palabra de la Verdad no nos estamos refiriendo como la gente a veces dice a las pequeñas mentiras que se dicen allí,;because let us remember that when we're referring to this word of Truth we are not referring as people sometimes say to the little lies that are told out there,
pero está hablando de muchas personas que estaban enseñando un camino torcido y erróneo a otros con diferentes doctrinas,;but it is talking about many people who were teaching a twisted, erroneous path to other with different doctrines,
diciéndoles que no busquen a Dios que esto es una mentira, el evangelio,;telling them not to seek God that this is a Lie, the gospel,
que la única verdad es la ley de Moisés, que esta no es la verdad de Dios.;that the only truth is the law of Moses, that this is not the truth of God.
Así que ellos enseñan un montón de errores, Twisted falsas doctrinas a otras personas, ellos los torcen,;So they teach a bunch of mistakes, Twisted false doctrines to other people, they twist them,
los sacan del camino, y dicen cosas que es lo que vemos hoy en el mundo,;they take them out of the way, and they say things that is what we see in the world today,
miles de religiones, cada una por su cuenta, hablan mentiras, engañan al pueblo por una parte,;thousands of religions, each one on their own, they speaking lies, deceiving the people on one hand,
este engañador pueblo sobre el camino de Dios por un lado, ese es el LIE.;this deceiving people about the path of God on the one hand, that is the LIE.
Hay otra mentira que también es cuando haces el mal a una persona,;There is another lie which is also when you do evil to a person,
cuando les mientes los engañas. Mentir es engañar, mentir es usado para engañar,;when you lie to them you deceive them. Lying is to deceive, lying is used to deceive,
es usado para engañar, amenazar, es usado para hacer tantas cosas malas.;it's used to cheat, to threaten, it's used to do so many evil things.
Así que el Señor dice que una persona no debe poner en práctica esa mentira, una que lastima al prójimo,;So the Lord says that a person should not put into practice that lie, one that hurts the neighbor,
uno que hace el mal a su prójimo, porque eso no agrada al Señor.;one that does evil to his neighbor, because that doesn't please the Lord.
Entonces dice los requisitos de esa persona que estará en la colina de Dios.;Then he says the requirements of that person who will be in the hill of God.
La pregunta que hace, ¿quién morará contigo, quién estará contigo?;The question he asks, who will dwell with you, who will be with you?
Así lo dice, dice el que tiene integridad, el que hace justicia,;So he says this, he says the one who has Integrity, the one who does righteousness,
el que se aleja del pecado, el que habla la verdad, el que no calumnia,;the one who turns away from sin, the one who speaks the truth, the one who does not slander,
porque también incluye calumnias. Muchas personas inocentes murieron debido a la calumnia, porque inventaron cosas, las mentiras estaban presentes,;because it also includes Slanders. Many innocent people died because of slander, because they made things up, lies were present,
por ejemplo, las mentiras reinaban entrelazadas con esa calumnia, o siendo falsos testigos,;for example, lies were reigning intertwined with that slander, or by being false Witnesses,
y muchas personas fueron muertas por causa de los calumnias, y debido a falsos testigos sus mentiras reinaban.;and many people were were put to death because of Slanders, and due to false Witnesses their lies were reigning.
Así que dice que no calumnia con su lengua,;So he says he does not slander with his tongue,
él no hace el mal a su vecino de ninguna manera.;he does not do evil to his neighbor in any way.
Una persona que comete adulterio está haciendo el mal a su vecino. Una persona que tiene un compañero;A person who commits adultery is doing evil to his neighbor. A person who has a partner
y comete fornicación con otros, entonces él está haciendo mal a su prójimo, refiriéndose a su cónyuge.;and commits fornication with others, then he is doing evil to his neighbor, referring to his spouse.
Esto está causando daño, no dañar a su vecino. Una persona que le miente;This is causing harm, not harming his neighbor. A person who lies to him
y lo engaña, entonces lo está lastimando.;and cheats on him him, then he is hurting him.
Una persona que siente envidia o resentimiento o odio hacia su prójimo le está haciendo mal,;A person who feels Envy or resentment or hatred towards his neighbor is doing evil to him,
y nuestros vecinos comienzan con nuestro cónyuge y hacia adelante y cerca gente familia vecinos amigos, esos son los vecinos,;and our neighbors start with our spouse and onwards and close people family neighbors friends, those are the neighbors,
¿Verdad? Así que dice que no hace el mal a su prójimo,;aren't they? So he says that he does not do evil to his neighbor,
él no toma reproche contra su vecino. Él dice que él o ella dice en cuyos ojos el vil es despreciado,;he does not take up reproach against his neighbor. He says he or she says in whose eyes the vile one is despised,
pero esta persona ve a una persona que es despreciada. El vil dice aquí que el vil es como una persona miserable,;but this person sees a person who is despised. The vile one says here it says that the vile one is like a miserable person,
pobre. No digamos despreciados, pero esa persona no está haciendo el mal,;poor. Let's not say despised, but that person is not doing evil,
más bien esta es una persona que es despreciada por ser pobre, por no tener rangos, por no tener categoría,;rather this is a person who is despised for being poor, for not having ranks, for not having category,
por no tener dinero. No tiene voz ni voto.;for not having money. He has neither voice nor vote.
Ese es el vile, el miserable o el humilde o el desprotegido tal vez también.;That is the vile one, the miserly or the humble or the unprotected perhaps too.
Entonces dice que esta persona que tiene a Dios ve a esta persona vil;Then he says that this person who has God sees this vile person
y no lo mirará. Por el contrario, se acercará a él,;and he will not look down on him. On the contrary he will reach out to him,
lo ayudará y lo mantendrá en gran estima.;he will help him and he will hold him in great esteem.
Él le dirá a la persona que usted es una persona de valor, usted es alguien importante.;He will tell the person you are a person of value, you are someone important.
Él no lo humilla, él no mira hacia abajo sobre él, eso es lo que hace.;He does not humiliate him, he does not look down on him, that is what he does.
El que verdaderamente quiere estar con Dios en la colina del Señor,;He who truly wants to be with God on the hill of the Lord,
esta persona debe poner en práctica todas estas cosas hacia los humildes, hacia los modestos.;this person must put into practice all these things toward the humble, toward the modest.
No debe despreciarlos sino ayudar y no humillar a nadie.;He should not despise them but help and not humiliate anyone.
Esto es lo que dice en cuyos ojos se desprecia a una persona vil, a otros le desprecian,;This is what is it state in whose eyes a vile person is despised, others they despise him,
pero el que está con Dios no lo desprecia. Dice, pero honra a los que temen al Señor.;but he who is with God does not despise him. It states, but he honors those who fear the Lord.
Aquí dice acerca de esta persona, afirma que honra a los que tienen miedo de Dios.;It states here about this person, it states that he honors those who have fear of God.
Sin embargo no es sólo que tenemos que honrar a los que temen a Dios, porque si vamos,;However it is not only that we have to honor those who fear God, because if we go,
si estamos en el mundo y estamos allí rodeados de gente del mundo,;if we are in the world and we are there surrounded by people of the world,
aunque no tengan miedo de Dios, tengo que tener cuidado y debo respetar;even though they have no fear of God, I have to be care careful and I must respect
y debo cuidar a esa gente y darle un buen ejemplo;and I must cherish those people and set a good example for them
y tener un buen testimonio. Pero por supuesto cuando se trata de aquellos que temen a Dios,;and have a good testimony. But of course when it comes to those who fear God,
con mucho más esfuerzo los honraré y seguro me sentiré mejor;well with much more effort I will honor them and sure I will feel better
y hacer que se sientan estimados, honrados, levantados, fortalecidos les agradeces.;and make them feel esteemed, honored, lifted up, strengthened you thank them.
Siempre haces esto, los alabas o reconoces lo que esa persona es ser alguien que ama o teme a Dios,;You always do this, you praise them or you acknowledge what that person is being someone who loves or fears God,
las pusiste en primer lugar, las pusiste en primer lugar.;you put them in first place, you put them in the first place.
No significa que la otra gente del mundo que no busca a Dios los vamos a humillar, no,;It doesn't mean that the other people in the world who don't seek God we're going to humiliate them, no,
pero más bien les damos un buen ejemplo y tenemos un buen testimonio de ellos para que ellos también puedan conocer un día el camino de Dios.;but rather we set a good example for them and we have a good testimony from them so that they too May one day know the path of God.
Pero en cuanto a aquellos que buscan y aman a Dios, mostraremos una preferencia por ellos en nuestros corazones.;But as far as those who seek and love God we will show a preference for them in our hearts.
Así que este pasaje declara honrar a los que temen al Señor,;So this passage states honor those who fear the Lord,
y entonces también declara que hay otra persona que dice que jurar a los suyos no duele;and then it also states that there is also another person who says that swearing to his own don't hurt
y no cambia, dice acerca de otra persona que no pone su dinero en la usura.;and does not change, it says about another person that he does not put out his money at usury.
Entonces estos son requisitos para estar en esa colina, pero en cuanto a la vile,;Then these are requirements to be on that hill, but as far as the vile one,
Tal vez ahora es más claro que no debemos menospreciar ni humillar ni tratar mal a los indefensos.;Perhaps it is now clearer that we should not belittle nor humiliate nor treat badly the helpless.
