Agradeceré tu confirmación.;I would appreciate your confirmation.
Agradezco de antemano tu apoyo.;Thank you in advance for your support.
Agradezco el apoyo brindado hasta ahora.;Thank you for your support so far.
Agradezco el espacio.;Thank you for making time for this.
Agradezco el seguimiento ;Thank you for your follow-up.
Agradezco la claridad proporcionada.;Thank you for the clarity provided.
Agradezco la información compartida.;Thank you for the information provided.
Agradezco mucho tu pronta atención.;Thank you for your prompt attention to this matter.
Agradezco tu apertura.;Thank you for your openness.
Agradezco tu apoyo continuo.;Thank you for your continued support.
Agradezco tu atención a este asunto.;Thank you for your attention to this matter.
Agradezco tu colaboración en este proceso.;Thank you for your collaboration throughout this process.
Agradezco tu colaboración.;Thank you for your collaboration.
Agradezco tu comprensión y apoyo.;Thank you for your understanding and support.
Agradezco tu compromiso con este proyecto.;Thank you for your commitment to this project.
Agradezco tu compromiso.;Thank you for your commitment.
Agradezco tu disposición para apoyar.;Thank you for your willingness to help.
Agradezco tu flexibilidad.;Thank you for your flexibility.
Agradezco tu involucramiento.;Thank you for your involvement.
Agradezco tu paciencia.;Thank you for your patience.
Agradezco tu pronta gestión.;Thank you for handling this promptly.
Agradezco tu pronta respuesta.;I appreciate your prompt response.
Agradezco tu tiempo y dedicación.;Thank you for your time and dedication.
Agradezco tu tiempo.;Thank you for your time.
Agradezco tus aportes.;Thank you for your contributions.
Agradezco tus observaciones.;Thank you for your input.
Estamos alineados con los objetivos.;We are aligned with the objectives.
Esto debe revisarse cuidadosamente.;This should be reviewed carefully.
Esto debe ser evaluado.;This needs to be assessed.
Esto está en proceso.;This is currently in progress.
Esto está sujeto a cambios.;This is subject to change.
Esto ha sido considerado.;This has been taken into account.
Esto merece atención especial.;This deserves special attention.
Esto necesita validación adicional.;This requires further validation.
Esto podría optimizarse.;This could be improved.
Esto representa una oportunidad.;This represents an opportunity.
Esto requiere coordinación interna.;This requires internal coordination.
Esto requiere seguimiento.;This requires ongoing monitoring.
Esto requiere una revisión detallada.;This requires a detailed review.
Esto sigue en evaluación.;This is still under review.
Estoy a tu disposición.;I’m available if needed.
Gracias por el seguimiento.;Thank you for following up.
Gracias por tu comprensión.;Thank you for your understanding.
Me gustaría aclarar este punto.;I’d like to clarify this point.
Me gustaría alinear expectativas.;I’d like to align expectations.
Me gustaría cerrar este punto.;I’d like to close this matter.
Me gustaría conocer tu perspectiva.;I’d like to hear your perspective.
Me gustaría coordinar los próximos pasos.;I’d like to coordinate the next steps.
Me gustaría coordinar una reunión.;I’d like to schedule a meeting.
Me gustaría discutir posibles alternativas.;I’d like to discuss possible alternatives.
Me gustaría entender mejor.;I’d like to gain a better understanding.
Me gustaría escuchar tu opinión.;I’d value your opinion.
Me gustaría profundizar en algunos detalles.;I’d like to explore a few details further.
Me gustaría proponer lo siguiente.;I’d like to propose the following.
Me gustaría retomar esta conversación.;I’d like to revisit this conversation.
Me gustaría revisar este asunto contigo.;I’d like to review this matter with you.
Necesitamos revisar este punto.;We need to revisit this matter.
Quedo a disposición para ampliar detalles.;I’m available to provide further details.
Quedo a disposición para avanzar.;I’m available to move this forward.
Quedo a la espera de tus comentarios.;I look forward to hearing your thoughts.
Quedo a la espera.;I’ll be waiting for your reply.
Quedo a tu disposición para cualquier aclaración.;Please feel free to reach out if you need clarification.
Quedo atento a continuar.;I’m ready to continue.
Cuantame si tienes más comentarios;Please let me know if you have any further comments.
Quedo atento a cualquier consulta.;Feel free to reach out with any questions.
Quedo atento a cualquier novedad.;Please keep me posted on any updates.
Quedo atento a la siguiente etapa.;I’m ready for the next stage.
Quedo atento a tu aprobación.;I await your approval.
Quedo atento a tu respuesta para continuar.;I look forward to your reply so we can proceed.
Quedo atento a tu validación.;I await your validation.
Quedo atento a tus comentarios.;I look forward to your feedback.
Quedo atento a tus indicaciones para proceder.;I’ll wait for your guidance on how to proceed.
Quedo atento a tus indicaciones.;I’ll wait for your guidance.
Quedo atento a tus observaciones finales.;I look forward to your final feedback.
Quedo atento a tus observaciones.;I look forward to your comments.
Quedo atento a tus observaciones.;I look forward to your feedback.
Quedo atento a tus sugerencias.;I’d appreciate your suggestions.
Quedo atento para avanzar.;I’m ready to move forward.
Quedo atento para cualquier ajuste.;I’m available should any adjustments be needed.
Quedo atento para cualquier consulta adicional.;Please feel free to contact me with any further questions.
Quedo pendiente de tu confirmación.;I await your confirmation.
Quedo pendiente de tu disponibilidad.;Please let me know your availability.
Quedo pendiente para continuar.;I’m standing by to proceed.
Quisiera aclarar algunos puntos.;I’d like to clarify a few points.
Quisiera avanzar con este tema.;I’d like to move forward with this matter.
Quisiera compartir contigo algunos puntos.;I’d like to share a few points with you.
Quisiera confirmar si esto sigue en curso.;I’d like to confirm whether this is still moving forward.
Quisiera plantear una propuesta.;I’d like to put forward a proposal.
Quisiera poner este tema sobre la mesa.;I’d like to bring this matter forward.
Quisiera profundizar en este tema.;I’d like to explore this topic further.
Quisiera retomar este punto.;I’d like to revisit this point.
Quisiera solicitar tu revisión.;I’d like to request your review.
Quisiera validar esta información contigo.;I’d like to validate this information with you.
Seguimos en contacto.;Let’s stay in touch.
Te agradeceré cualquier comentario.;Any feedback would be greatly appreciated.
Te agradeceré tu confirmación.;I’d appreciate your confirmation.
Te agradecería si pudieras confirmarlo.;I’d appreciate it if you could confirm it.
Te agradecería si pudieras revisar esto.;I’d appreciate it if you could review this.
Te agradecería tu apoyo con este tema.;I’d appreciate your support on this matter.
Te agradecería tu validación final.;I’d appreciate your final approval.
Te comparto el contexto general.;Let me provide the overall context.
Te comparto esta actualización.;I’m sharing this update with you.
Te comparto esta información para tu referencia.;I’m sharing this information for your reference.
Te comparto la información adjunta.;Please find the attached information.
Te comparto la versión actualizada.;I’m sharing the updated version.
Te comparto los avances realizados.;I’m sharing the progress made so far.
Te comparto los próximos pasos.;Here are the next steps.
Te comparto los puntos clave.;I’m sharing the key points.
Te comparto mi perspectiva.;Let me share my perspective.
Te comparto una actualización importante.;I’m sharing an important update.
Te confirmo lo conversado.;I’d like to confirm what we discussed.
Te escribo para confirmar lo acordado.;I’m writing to confirm what was agreed upon.
Te escribo para dar seguimiento.;I’m reaching out to follow up.
Te mantendré al tanto de cualquier cambio.;I’ll keep you informed of any changes.
Te mantendré al tanto del progreso.;I’ll keep you updated on the progress.
Te mantendré informado sobre cualquier novedad.;I’ll keep you informed of any updates.
Te mantendré informado sobre los avances.;I’ll keep you informed about the progress.
Te mantendré informado.;I’ll keep you updated.
Te mantengo al tanto.;I’ll keep you posted.
