Conocí a una mujer judía, y ella me dijo que no dijera Jehová.;I met a woman that is Jewish, and she told me to not say Jehovah.
Quiero preguntarle amablemente, hermana, si me permite: ¿por qué dijo esto?;I want to kindly ask you, sister, if you allow me: why did she say this?
Porque muchos me han dicho que no llamamos al Señor Jehová.;Because many people have said to me that we don't call the Lord Jehovah.
Gracias, hermana. Bien, eso es una cuestión de idiomas;Thank you, sister. Okay, that is a matter of languages
y pronunciación. Cuando Dios se presentó a Moisés, dijo:,;and pronunciation. When God presented himself to Moses, and he said,
de ahora en adelante me conocerás como el Señor, porque antes lo habían conocido como el Dios omnipotente,;from now on you will know me as the Lord, because previously they had known him as the omnipotent God,
dios todopoderoso, pero ahora me conocerás como el Señor.;almighty God, but now you will know me as the Lord.
Y resulta que, cuando esa palabra fue traducida, era sin ninguna vocal, y era sólo consonantes.;And it turns out, when that word was translated, it was without any vowels, and it was just consonants.
Es sólo la consonancia, y no somos capaces de pronunciar los consonantes,;It is only the consonance, and we are unable to pronounce the consonants,
y como no podían ser pronunciados los consonantes que Dios había dado a estos profetas,;and as they could not be pronounced the consonants that God had given to these prophets,
por eso los traductores, los que traducían la Biblia de un idioma a otro, acordaron;this is why the translators, those that were translating the Bible from one language to another, they agreed
y decidieron añadirle vocales para pronunciarla. Pero independientemente, hay muchos idiomas,;and they decided to add it vowels in order to pronounce it. But regardless, there are many languages,
y en cada idioma la gente nombre a Dios de manera diferente. Cada idioma tiene sus propias palabras, letras, consonantes;and in every language people name God differently. Every language has their own words, letters, consonants
y vocales, son diferentes en cómo pronuncian el nombre de Dios o el Creador o el Padre celestial o el Dios que creó los cielos;and vowels, they're different in how they pronounce the name of God or the Creator or the heavenly father or The God Who created the heavens
y tierra, sin embargo, quieren llamarlo en su lenguaje. Pero de cualquier manera Dios nos entiende.;and earth, however they want to call him in their language. But either way God understands us.
Dios nos entiende porque Dios ve el lenguaje espiritual, pero tenemos nuestro lenguaje espiritual para presentarnos ante el que es lo que cuenta,;God understands us because God sees the spiritual language, but we have our spiritual language to present ourselves before him which is what counts,
que es nuestro corazón. Nuestro corazón está vinculado al Creador, a ese ser sobrenatural,;which is our heart. Our heart is linked to the Creator, to that supernatural being,
así que de una manera u otra tiene que ser nombrado para que podamos dirigirnos a él.;so in one way or another he has to be named so that we are able to address him.
Entonces no te preocupes. Dile a esa persona que está bien si no llamas a Jehová,;So then do not worry. You tell that person, okay, that's fine if you don't call Jehovah,
pero todavía lo entiende. Dios me entiende porque en mi lenguaje decimos Dios.;but he still understands. God understands me because in my language we say God.
¿Cómo lo llamas en francés o alemán? Lo llamas Dios, el Creador,;How do you call him in French or German? You call him God, the Creator,
o el que creó los cielos y la tierra. Cada lengua tiene un nombre para él, así que no podíamos decir,;or the one who created the heavens and earth. Every language has a name for him, so we couldn't say,
bueno, no llames su nombre en francés, porque no te va a escuchar.;oh well, don't call his name in French, because he's not going to hear you.
El Señor no habla francés o Dios no quiere que hables francés sino otro idioma.;The Lord doesn't speak French or God does not want you to speak French but another language.
No, no importa el lenguaje. Los seres humanos, la gente llama a Dios en su lenguaje, en su dialecto,;No, it doesn't matter the language. Human beings, people call upon God in their language, in their dialect,
y Dios los entiende. Dios comprende, porque esa persona está llamando a un ser sobrenatural, no algo físico.;and God understands them. God comprehends, because that person is calling on a supernatural being, not something physical.
Si alguien se arrodilla ante una estatua o una pintura, entonces están fallando en ese sentido,;If someone kneels down before a statue or a painting, well then they are failing in that sense,
porque están abordando una estatua de un animal, de otro ser humano, o una paloma o pescado.;because they are addressing a statue of an animal, of another human being, or a dove or fish.
Hay una estatua, y dicen, bueno este es mi Dios que me hizo,;There's a statue, and they say, well this is my God who made me,
y se arrodillan ante ellos y los veneran;and they kneel down before them and they revere them
y honrarlos. Bueno, al hacerlo esa persona está fallando,;and honor them. Well, in doing so that person is failing,
porque no están honrando o llamando a un ser sobrenatural como es nuestro Dios.;because they are not honoring or calling upon a supernatural being as is our God.
Es un ser sobrenatural en espíritu. Él es espíritu,;He is a supernatural being in spirit. He is spirit,
y en espíritu es cómo lo buscamos. Llámalo como quieras llamarlo en tu idioma.;and in spirit is how we seek him. Call him whatever you want to call him in your language.
Llámalo Dios, el Creador, el omnipotente, el padre celestial, el Padre Eterno, el Señor, el maestro,;Call him God, the Creator, the omnipotent one, the heavenly father, the Eternal Father, the Lord, the teacher,
señor de señores o Rey de reyes. El Señor tiene muchos nombres,;the Lord of lords or the King of Kings. The Lord has many names,
y podemos usar cualquiera de esos nombres para llamarle, honrarle, dirigirnos a él,;and we can use any one of those names to call upon Him, honor him, address him,
y así no vamos a discutir con nadie sobre el asunto de Jehová.;and so we're not going to argue with with anyone on the matter of Jehovah.
Y por supuesto no discutiremos con esa persona y diremos, bueno, bueno, bueno, tal vez tengas razón,;And of course we won't argue with that person and say, well, okay, well maybe you're right,
pero de cualquier manera Dios todavía me ha entendido. Me ha oído.;but either way God still has understood me. He has heard me.
Aunque tal vez lo llame incorrectamente o lo declaro incorrectamente, él todavía me escucha;Though maybe I call him incorrectly or I pronounce it incorrectly, he still hears me
y me entiende. Él nos entiende, como cuando los seres humanos dan un apodo a una persona.;and understands me. He understands us, as when human beings give a nickname to a person.
Por ejemplo, la gente de Le a Nicholas lo llama Nick,;For example ex Le a Nicholas's people call him Nick,
y así la gente dice, bueno Nick la gente sabe que lo están llamando Nick,;and so people say, oh well Nick people know they're calling him Nick,
aunque su nombre no es Nick, es Nicholas, pero todavía lo entendió.;although his name is not Nick it's Nicholas, but he still understood.
Y Dios nos entiende porque estamos llamando al Señor en espíritu, y así nos comprenderá.;And God understands us because we are calling on the Lord in spirit, and so he will understand us.
Así que no te preocupes. Dios entiende cada lenguaje. Él entiende cada nombre que deseamos llamarlo,;So let's not worry. God understands every language. He understands every name that we wish to call him,
y el asunto es que buscamos al Señor con sinceridad;and the matter is is that we seek the Lord with sincerity
y que nos acercamos al Señor y siempre estamos vinculados al Señor con ese ser,;and that we draw closer to the Lord and we are always linked to the Lord with that being,
con ese ser sobrenatural. Y la mayoría de la gente dice, bueno él es ese ser sobrenatural;with that supernatural being. And most people say, well he is that supernatural being
y él existe, él es el que gobierna sobre nosotros, él gobierna el universo,;and he exists, he is the one who rules over us, he rules the universe,
gobierna toda fuerza de la naturaleza que controla y gobierna sobre el granizo de lluvia que controla las estaciones los vientos que gobiernan sobre eso.;he rules every force of nature who controls and rules over rain hail who controls the seasons the winds the Seas who rules over that.
Bueno, es un ser sobrenatural, un señor, un dios, como quieras llamarlo. Está en espíritu,;Well, it is a supernatural being, a lord, a god, however you want to call him. It is in spirit,
y él está gobernando sobre nosotros. Y no te preocupes, hermana, por estas cosas.;and he is ruling over us. And so do not worry, sister, about these things.
Presionamos hacia adelante, y Dios nos entiende. Sí, agregaron algunos votos,;We press onward, and God understands us. Yes, they added some vows,
y él entiende cuando le llamamos el Señor o Jehová o nuestro Dios el.;and he understands when we call him the Lord or Jehovah or our God the.
